{
  "num_epochs": 100,
  "batch_size": 32,
  "learning_rate": 0.001,
  "pitch_loss": [
    2.0301568508148193,
    1.437988519668579,
    1.2689870595932007,
    1.161745309829712,
    1.086660623550415,
    1.0248308181762695,
    0.9768480062484741,
    0.9362468123435974,
    0.8956459164619446,
    0.8613128066062927,
    0.826685905456543,
    0.7958430051803589,
    0.7700421214103699,
    0.7460896372795105,
    0.7213298082351685
  ],
  "pitch_accuracy": [
    0.25580501556396484,
    0.39713144302368164,
    0.46245110034942627,
    0.5080543160438538,
    0.5415730476379395,
    0.5687011480331421,
    0.5913646817207336,
    0.6098037362098694,
    0.6278904676437378,
    0.6438189744949341,
    0.6600077748298645,
    0.6733375787734985,
    0.685025691986084,
    0.6964575052261353,
    0.7078213095664978
  ],
  "duration_loss": [
    0.0939713716506958,
    0.03462411090731621,
    0.02830064669251442,
    0.025927549228072166,
    0.023257486522197723,
    0.022716034203767776,
    0.0231137927621603,
    0.020809005945920944,
    0.0217748936265707,
    0.019900836050510406,
    0.02019311487674713,
    0.0204636063426733,
    0.019419081509113312,
    0.01875682733952999,
    0.020481884479522705
  ],
  "duration_accuracy": [
    0.9658726453781128,
    0.9880556464195251,
    0.9910787343978882,
    0.9921358823776245,
    0.9931729435920715,
    0.9935373067855835,
    0.9934172034263611,
    0.9942941069602966,
    0.9939016699790955,
    0.9947625994682312,
    0.9945703744888306,
    0.9946384429931641,
    0.994782567024231,
    0.9949427843093872,
    0.9946985244750977
  ],
  "val_pitch_loss": [
    1.2426584959030151,
    0.9637512564659119,
    0.9372361302375793,
    0.6726745963096619,
    0.6277616024017334,
    0.6885629296302795,
    0.5367615818977356,
    0.549324095249176,
    0.4369969367980957,
    0.49991628527641296,
    0.5598493814468384,
    0.36751967668533325,
    0.45451658964157104,
    0.4347144663333893,
    0.4693758189678192
  ],
  "val_pitch_accuracy": [
    0.5208648443222046,
    0.6898738741874695,
    0.6485405564308167,
    0.8553873896598816,
    0.8341261148452759,
    0.753873884677887,
    0.8708108067512512,
    0.834702730178833,
    0.9111711978912354,
    0.8867747783660889,
    0.8036035895347595,
    0.9464864730834961,
    0.8713513612747192,
    0.8477116823196411,
    0.8277837634086609
  ],
  "val_duration_loss": [
    0.0118077602237463,
    0.00334380310960114,
    0.001810928457416594,
    0.000607115391176194,
    0.0007557452190667391,
    0.0005927218589931726,
    0.0005205846973694861,
    0.0010622376576066017,
    0.0010478590847924352,
    0.0010658461833372712,
    0.0009976536966860294,
    0.0008511270862072706,
    0.0011571706272661686,
    0.0007961796945892274,
    0.0005274267750792205
  ],
  "val_duration_accuracy": [
    0.9979099035263062,
    0.9994234442710876,
    1.0,
    1.0,
    1.0,
    1.0,
    1.0,
    1.0,
    0.9998918771743774,
    0.9999639391899109,
    1.0,
    0.9999639391899109,
    0.9999639391899109,
    0.9999279379844666,
    1.0
  ],
  "final_metrics": {
    "pitch_loss": 0.7213298082351685,
    "pitch_accuracy": 0.7078213095664978,
    "duration_loss": 0.020481884479522705,
    "duration_accuracy": 0.9946985244750977,
    "val_pitch_loss": 0.4693758189678192,
    "val_pitch_accuracy": 0.8277837634086609,
    "val_duration_loss": 0.0005274267750792205,
    "val_duration_accuracy": 1.0,
    "epochs_trained": 15
  }
}