{
  "num_epochs": 100,
  "batch_size": 32,
  "learning_rate": 0.001,
  "pitch_loss": [
    3.4142751693725586
  ],
  "pitch_accuracy": [
    0.08734425157308578
  ],
  "duration_loss": [
    0.41112253069877625
  ],
  "duration_accuracy": [
    0.8548568487167358
  ],
  "val_pitch_loss": [
    2.36395525932312
  ],
  "val_pitch_accuracy": [
    0.23472066223621368
  ],
  "val_duration_loss": [
    0.07920806854963303
  ],
  "val_duration_accuracy": [
    0.9857518076896667
  ],
  "final_metrics": {
    "pitch_loss": 3.4142751693725586,
    "pitch_accuracy": 0.08734425157308578,
    "duration_loss": 0.41112253069877625,
    "duration_accuracy": 0.8548568487167358,
    "val_pitch_loss": 2.36395525932312,
    "val_pitch_accuracy": 0.23472066223621368,
    "val_duration_loss": 0.07920806854963303,
    "val_duration_accuracy": 0.9857518076896667,
    "epochs_trained": 1
  }
}