{
  "num_epochs": 10,
  "batch_size": 32,
  "learning_rate": 0.01,
  "pitch_loss": [
    3.6005561351776123,
    2.7874860763549805,
    2.540409803390503,
    2.413193464279175,
    2.322460174560547,
    2.2752699851989746,
    2.214488983154297,
    2.1913533210754395
  ],
  "pitch_accuracy": [
    0.06647039949893951,
    0.13974884152412415,
    0.16974101960659027,
    0.1930631548166275,
    0.20750723779201508,
    0.21758130192756653,
    0.2284373641014099,
    0.23533740639686584
  ],
  "duration_loss": [
    0.34953275322914124,
    0.14631076157093048,
    0.12238312512636185,
    0.1344541758298874,
    0.11183279007673264,
    0.12183008342981339,
    0.12891227006912231,
    0.12668195366859436
  ],
  "duration_accuracy": [
    0.8765352368354797,
    0.946593701839447,
    0.9577257633209229,
    0.9544137120246887,
    0.9622797966003418,
    0.959841787815094,
    0.9597037434577942,
    0.9592437744140625
  ],
  "val_pitch_loss": [
    2.7670466899871826,
    2.4137041568756104,
    2.0928661823272705,
    2.0531556606292725,
    1.8976945877075195,
    2.376209259033203,
    1.939321756362915,
    1.8993586301803589
  ],
  "val_pitch_accuracy": [
    0.13824503123760223,
    0.25206953287124634,
    0.30380794405937195,
    0.2661423981189728,
    0.374172180891037,
    0.1825331151485443,
    0.3071191906929016,
    0.2847682237625122
  ],
  "val_duration_loss": [
    0.11469154804944992,
    0.04883921146392822,
    0.06101882830262184,
    0.036237314343452454,
    0.03274313360452652,
    0.09221810847520828,
    0.027718890458345413,
    0.05337795242667198
  ],
  "val_duration_accuracy": [
    0.943708598613739,
    0.9801324605941772,
    0.9888244867324829,
    0.9892383813858032,
    0.996688723564148,
    0.9710264801979065,
    0.9995861053466797,
    0.9809602499008179
  ],
  "final_metrics": {
    "pitch_loss": 2.1913533210754395,
    "pitch_accuracy": 0.23533740639686584,
    "duration_loss": 0.12668195366859436,
    "duration_accuracy": 0.9592437744140625,
    "val_pitch_loss": 1.8993586301803589,
    "val_pitch_accuracy": 0.2847682237625122,
    "val_duration_loss": 0.05337795242667198,
    "val_duration_accuracy": 0.9809602499008179,
    "epochs_trained": 8
  }
}